0.000, 9:56:4,0.10498, -0.02393, 1.14600, 26.95
7.092, 9:56:34,0.10474, -0.01953, 1.14380, 27.56
37.397, 9:57:4,0.10352, -0.01611, 1.14600, 27.80
67.701, 9:57:35,0.10522, -0.01978, 1.15625, 27.98
98.006, 9:58:5,0.10229, -0.02271, 1.15186, 27.94
128.546, 9:58:35,0.10254, -0.01709, 1.14990, 28.03
158.851, 9:59:6,0.09961, -0.01636, 1.15259, 28.08
189.155, 9:59:36,0.10327, -0.01758, 1.14917, 28.17
219.460, 10:0:6,0.10327, -0.01929, 1.14722, 28.08
249.799, 10:0:37,0.09790, -0.02002, 1.15381, 28.17
280.103, 10:1:8,0.09961, -0.02173, 1.14600, 28.17
310.408, 10:1:38,0.10059, -0.02246, 1.14893, 28.31
340.712, 10:2:8,0.09814, -0.02173, 1.13745, 28.22
371.049, 10:2:38,0.10327, -0.02393, 1.13721, 28.31
401.353, 10:3:9,0.10327, -0.01318, 1.15625, 28.31
431.658, 10:3:39,0.09888, -0.02051, 1.14355, 28.31
461.963, 10:4:9,0.10034, -0.02002, 1.15039, 28.22
492.297, 10:4:40,0.10083, -0.01855, 1.14941, 28.36
522.602, 10:5:10,0.09448, -0.02124, 1.14575, 28.36
552.906, 10:5:40,0.10425, -0.02026, 1.14868, 28.41
583.211, 10:6:11,0.09985, -0.01733, 1.15137, 28.27
613.546, 10:6:41,0.10132, -0.02051, 1.15503, 28.41
643.850, 10:7:11,0.10498, -0.01978, 1.13672, 28.36
674.155, 10:7:41,0.10693, -0.02100, 1.14307, 28.31
704.459, 10:8:12,0.10425, -0.01440, 1.15015, 28.50
734.795, 10:8:42,0.10181, -0.01807, 1.15552, 28.41
765.100, 10:9:12,0.10181, -0.01196, 1.14697, 28.45
795.404, 10:9:43,0.10083, -0.02026, 1.15503, 28.36
825.709, 10:10:13,0.09912, -0.02295, 1.15625, 28.45
856.044, 10:10:43,0.09912, -0.02490, 1.14600, 28.50
886.349, 10:11:14,0.10205, -0.01978, 1.15356, 28.60
916.653, 10:11:44,0.10400, -0.02002, 1.15479, 28.55
946.958, 10:12:14,0.09814, -0.01807, 1.14478, 28.60
977.294, 10:12:44,0.09619, -0.02319, 1.14893, 28.45
1007.598, 10:13:15,0.10327, -0.01807, 1.14795, 28.55
1037.903, 10:13:45,0.10010, -0.02173, 1.14990, 28.60
1068.208, 10:14:15,0.10303, -0.01538, 1.14551, 28.60
1098.542, 10:14:46,0.10620, -0.01660, 1.13940, 28.64
1128.847, 10:15:16,0.10352, -0.01343, 1.15503, 28.69
1159.152, 10:15:46,0.10522, -0.01709, 1.15186, 28.64
1189.456, 10:16:17,0.10718, -0.01685, 1.13818, 28.64
1219.795, 10:16:47,0.10132, -0.01831, 1.15991, 28.50
1250.100, 10:17:17,0.10229, -0.02515, 1.14990, 28.50
1280.404, 10:17:47,0.10620, -0.02075, 1.15430, 28.55
1310.709, 10:18:18,0.10327, -0.02075, 1.15137, 28.64
1341.044, 10:18:48,0.10181, -0.01831, 1.15454, 28.69
1371.348, 10:19:18,0.10645, -0.01685, 1.14575, 28.74
1401.653, 10:19:49,0.09888, -0.01758, 1.15454, 28.60
1431.958, 10:20:19,0.10913, -0.02197, 1.15161, 28.60
1462.293, 10:20:49,0.10547, -0.01221, 1.14966, 28.50
1492.598, 10:21:20,0.10425, -0.01807, 1.15186, 28.64
1522.902, 10:21:50,0.09937, -0.01782, 1.15234, 28.69
1553.207, 10:22:20,0.10449, -0.01807, 1.14868, 28.55
1583.543, 10:22:50,0.10620, -0.01904, 1.14722, 28.64
1613.848, 10:23:21,0.10107, -0.01880, 1.15283, 28.60
1644.152, 10:23:51,0.10132, -0.01807, 1.14990, 28.74
1674.457, 10:24:21,0.10010, -0.01733, 1.15356, 28.69
1704.791, 10:24:52,0.10181, -0.01904, 1.14624, 28.74
1735.096, 10:25:22,0.10474, -0.01807, 1.15137, 28.69
1765.401, 10:25:52,0.10327, -0.02124, 1.14624, 28.64
1795.705, 10:26:23,0.10791, -0.02002, 1.14844, 28.69
1826.041, 10:26:53,0.10278, -0.01416, 1.14600, 28.64
1856.346, 10:27:23,0.10449, -0.01416, 1.14087, 28.69
1886.651, 10:27:53,0.10059, -0.01929, 1.14941, 28.69
1916.955, 10:28:24,0.10547, -0.01514, 1.15283, 28.74
1947.290, 10:28:54,0.10132, -0.01831, 1.15088, 28.74
1977.594, 10:29:24,0.10156, -0.01978, 1.14868, 28.64
2007.899, 10:29:55,0.10327, -0.02295, 1.14868, 28.64
2038.204, 10:30:25,0.10547, -0.01685, 1.15088, 28.69
2068.543, 10:30:55,0.10352, -0.02319, 1.14453, 28.74
2098.848, 10:31:26,0.10107, -0.01465, 1.14551, 28.69
2129.153, 10:31:56,0.10400, -0.02148, 1.14795, 28.60
2159.457, 10:32:26,0.09961, -0.02319, 1.15015, 28.69
2189.792, 10:32:56,0.10522, -0.01538, 1.15625, 28.64
2220.097, 10:33:27,0.10425, -0.01978, 1.15405, 28.74
2250.401, 10:33:57,0.10352, -0.02588, 1.14087, 28.60
2280.706, 10:34:27,0.10156, -0.01880, 1.15210, 28.69
2311.042, 10:34:58,0.10522, -0.02197, 1.13623, 28.64
2341.346, 10:35:28,0.10669, -0.01953, 1.14990, 28.69
2371.651, 10:35:58,0.10669, -0.02441, 1.14722, 28.64
2401.955, 10:36:29,0.09912, -0.01611, 1.15186, 28.74
2432.292, 10:36:59,0.10425, -0.01709, 1.14648, 28.64
2462.596, 10:37:29,0.09888, -0.01782, 1.13843, 28.64
2492.901, 10:37:59,0.10718, -0.02710, 1.14355, 28.78
2523.205, 10:38:30,0.10498, -0.01685, 1.15161, 28.64
2553.540, 10:39:0,0.09546, -0.02222, 1.15186, 28.64
2583.845, 10:39:30,0.10278, -0.01831, 1.15552, 28.60
2614.149, 10:40:1,0.10156, -0.02539, 1.15601, 28.64
2644.454, 10:40:31,0.10303, -0.01685, 1.15381, 28.55
2674.790, 10:41:1,0.10425, -0.01367, 1.14380, 28.64
2705.095, 10:41:33,0.09888, -0.01636, 1.16455, 28.60
2735.400, 10:42:3,0.10352, -0.02246, 1.14355, 28.64
2765.704, 10:42:33,0.10522, -0.02002, 1.14697, 28.55
2796.039, 10:43:3,0.10669, -0.01855, 1.15527, 28.64
2826.344, 10:43:34,0.10693, -0.01733, 1.15186, 28.55
2856.648, 10:44:4,0.10205, -0.01587, 1.15356, 28.64
2886.953, 10:44:34,0.09839, -0.01855, 1.15381, 28.60
2917.289, 10:45:5,0.09937, -0.01953, 1.14673, 28.69
2947.593, 10:45:35,0.09863, -0.02148, 1.14673, 28.64
2977.898, 10:46:5,0.10498, -0.02100, 1.15210, 28.64
3008.202, 10:46:36,0.10498, -0.02246, 1.16211, 28.60
3038.539, 10:47:6,0.10254, -0.01562, 1.14331, 28.55
3068.843, 10:47:36,0.09741, -0.02588, 1.15039, 28.50
3099.148, 10:48:6,0.10229, -0.02124, 1.14673, 28.55
3129.453, 10:48:37,0.10400, -0.01514, 1.14331, 28.45
3159.787, 10:49:7,0.10059, -0.02075, 1.15576, 28.55
3190.092, 10:49:37,0.09644, -0.02637, 1.14453, 28.55
3220.396, 10:50:8,0.10669, -0.01782, 1.15283, 28.64
3250.701, 10:50:38,0.09790, -0.02368, 1.15039, 28.60
3281.037, 10:51:8,0.10596, -0.02661, 1.15479, 28.45
3311.342, 10:51:39,0.10669, -0.02246, 1.15942, 28.45
3341.646, 10:52:9,0.10010, -0.01855, 1.14990, 28.64
3371.951, 10:52:39,0.10083, -0.01685, 1.15332, 28.55
3402.286, 10:53:9,0.10327, -0.01904, 1.14771, 28.60
3432.590, 10:53:40,0.09717, -0.01562, 1.14551, 28.69
3462.895, 10:54:10,0.10083, -0.01880, 1.15137, 28.50
3493.200, 10:54:40,0.10205, -0.01904, 1.15381, 28.74
3523.539, 10:55:11,0.10034, -0.02124, 1.14282, 28.64
3553.843, 10:55:41,0.10278, -0.01587, 1.15015, 28.55
3584.148, 10:56:11,0.10498, -0.02026, 1.15161, 28.69
3614.453, 10:56:42,0.10742, -0.01733, 1.14893, 28.50
3644.788, 10:57:12,0.10376, -0.01904, 1.13745, 28.64
3675.092, 10:57:42,0.10449, -0.01929, 1.16138, 28.60
3705.397, 10:58:12,0.10645, -0.01953, 1.15845, 28.74
3735.701, 10:58:43,0.10498, -0.02637, 1.14697, 28.60
3766.037, 10:59:13,0.10107, -0.01758, 1.14893, 28.60
3796.342, 10:59:43,0.10547, -0.01685, 1.14746, 28.69
3826.647, 11:0:14,0.10474, -0.02173, 1.14673, 28.60
3856.951, 11:0:44,0.10522, -0.02637, 1.14917, 28.50
3887.287, 11:1:14,0.11108, -0.02173, 1.13940, 28.50
3917.592, 11:1:45,0.10059, -0.01807, 1.15381, 28.45
3947.897, 11:2:15,0.10376, -0.01807, 1.14722, 28.60
3978.201, 11:2:45,0.10229, -0.01978, 1.15015, 28.64
4008.536, 11:3:15,0.10400, -0.01685, 1.15137, 28.60
4038.841, 11:3:46,0.10425, -0.01880, 1.14819, 28.69
4069.145, 11:4:16,0.10718, -0.02075, 1.13818, 28.64
4099.450, 11:4:46,0.10449, -0.01514, 1.15210, 28.60
4129.787, 11:5:17,0.10303, -0.01807, 1.14893, 28.69
4160.091, 11:5:47,0.10376, -0.01855, 1.14917, 28.55
4190.396, 11:6:17,0.10303, -0.02393, 1.14062, 28.64
4220.700, 11:6:48,0.10620, -0.02173, 1.14844, 28.64
4251.036, 11:7:18,0.10010, -0.02393, 1.14551, 28.55
4281.340, 11:7:48,0.09961, -0.01978, 1.15356, 28.64
4311.645, 11:8:18,0.10034, -0.01978, 1.14307, 28.50
4341.949, 11:8:49,0.10156, -0.02173, 1.14307, 28.60
4372.285, 11:9:19,0.10278, -0.02002, 1.14429, 28.45
4402.590, 11:9:49,0.10400, -0.01855, 1.15186, 28.50
4432.894, 11:10:20,0.10083, -0.01953, 1.14722, 28.45
4463.199, 11:10:50,0.09717, -0.02148, 1.14868, 28.41
4493.536, 11:11:20,0.10474, -0.01636, 1.14722, 28.36
4523.840, 11:11:51,0.10034, -0.01929, 1.14600, 28.45
4554.145, 11:12:21,0.10205, -0.02344, 1.13989, 28.50
4584.449, 11:12:51,0.10034, -0.02100, 1.14307, 28.45
4614.784, 11:13:21,0.09766, -0.01685, 1.15088, 28.55
4645.089, 11:13:52,0.10596, -0.01538, 1.14551, 28.45
4675.394, 11:14:22,0.10156, -0.01831, 1.14478, 28.41
4705.698, 11:14:53,0.10425, -0.02539, 1.15698, 28.41
4736.240, 11:15:23,0.10327, -0.02124, 1.14282, 28.31
4766.545, 11:15:53,0.10107, -0.01465, 1.14551, 28.45
4796.849, 11:16:24,0.10205, -0.01636, 1.15698, 28.36
4827.154, 11:16:55,0.10376, -0.01880, 1.15356, 28.36
4857.491, 11:17:25,0.10620, -0.01978, 1.14893, 28.45
4887.795, 11:17:55,0.10400, -0.02417, 1.15674, 28.36
4918.100, 11:18:25,0.10181, -0.01709, 1.14941, 28.36
4948.405, 11:18:56,0.10498, -0.02124, 1.16016, 28.41
4978.744, 11:19:26,0.09961, -0.02368, 1.13892, 28.45
5009.049, 11:19:56,0.10400, -0.02075, 1.15527, 28.45
5039.353, 11:20:27,0.09937, -0.01587, 1.15430, 28.41
5069.658, 11:20:57,0.10645, -0.02246, 1.15283, 28.41
5099.993, 11:21:27,0.10254, -0.01929, 1.14722, 28.41
5130.297, 11:21:58,0.10205, -0.01953, 1.15137, 28.36
5160.602, 11:22:28,0.10547, -0.01831, 1.15747, 28.50
5190.907, 11:22:58,0.10449, -0.01758, 1.14990, 28.31
5221.225, 11:23:28,0.09912, -0.01294, 1.14868, 28.22
5251.530, 11:23:59,0.10181, -0.01978, 1.15381, 28.27
5281.834, 11:24:29,0.10449, -0.01782, 1.14917, 28.31
5312.139, 11:24:59,0.10010, -0.01831, 1.15405, 28.41
5342.452, 11:25:30,0.10547, -0.02271, 1.14648, 28.31
5372.756, 11:26:0,0.10522, -0.02295, 1.14746, 28.31
5403.061, 11:26:30,0.10498, -0.01904, 1.14868, 28.45
5433.365, 11:27:1,0.10010, -0.02124, 1.14600, 28.27
5463.677, 11:27:31,0.10156, -0.01758, 1.14282, 28.31
5493.981, 11:28:1,0.10645, -0.01807, 1.14917, 28.36
5524.286, 11:28:31,0.10181, -0.01855, 1.14917, 28.41
5554.590, 11:29:2,0.10889, -0.02222, 1.15283, 28.45
5584.903, 11:29:32,0.10425, -0.02051, 1.14771, 28.36
5615.208, 11:30:2,0.10571, -0.01709, 1.15601, 28.36
5645.512, 11:30:33,0.10083, -0.01709, 1.14551, 28.41
5675.817, 11:31:3,0.10522, -0.01953, 1.15088, 28.45
5706.128, 11:31:33,0.10425, -0.02271, 1.13940, 28.36
5736.433, 11:32:4,0.10010, -0.02295, 1.14160, 28.41
5766.737, 11:32:34,0.10474, -0.02100, 1.14429, 28.50
5797.042, 11:33:4,0.09937, -0.01831, 1.14697, 28.41
5827.358, 11:33:34,0.09717, -0.01758, 1.14795, 28.36
5857.662, 11:34:5,0.10156, -0.01904, 1.15161, 28.41
5887.967, 11:34:35,0.09985, -0.02344, 1.14160, 28.36
5918.272, 11:35:5,0.10327, -0.02026, 1.14209, 28.27
5948.583, 11:35:36,0.10156, -0.02148, 1.15015, 28.27
5978.887, 11:36:6,0.11133, -0.01831, 1.15894, 28.27
6009.192, 11:36:36,0.10498, -0.02441, 1.14087, 28.31
6039.497, 11:37:7,0.10303, -0.01562, 1.14038, 28.27
6069.809, 11:37:37,0.10254, -0.01880, 1.14209, 28.27
6100.113, 11:38:7,0.09717, -0.02319, 1.14868, 28.31
6130.418, 11:38:37,0.09717, -0.02124, 1.14795, 28.31
6160.722, 11:39:8,0.10962, -0.01709, 1.14746, 28.27
6191.035, 11:39:38,0.10425, -0.01929, 1.14258, 28.27
6221.340, 11:40:8,0.09692, -0.02563, 1.14502, 28.17
6251.644, 11:40:39,0.10693, -0.01831, 1.14307, 28.08
6281.949, 11:41:9,0.10474, -0.02002, 1.14990, 28.27
6312.260, 11:41:39,0.10425, -0.01172, 1.15015, 28.27
6342.565, 11:42:10,0.09839, -0.02393, 1.14648, 28.22
6372.869, 11:42:40,0.09937, -0.01660, 1.14722, 28.31
6403.174, 11:43:10,0.10425, -0.01587, 1.14185, 28.22
6433.487, 11:43:40,0.10693, -0.01709, 1.14990, 28.08
6463.791, 11:44:11,0.10791, -0.01855, 1.14502, 27.98
6494.096, 11:44:41,0.10498, -0.01782, 1.15259, 27.98
6524.401, 11:45:11,0.10693, -0.01831, 1.15210, 28.12
6554.712, 11:45:42,0.10229, -0.01562, 1.15430, 28.08
6585.016, 11:46:12,0.09961, -0.02100, 1.15601, 28.12
6615.321, 11:46:42,0.10254, -0.01611, 1.15552, 28.08
6645.626, 11:47:13,0.10181, -0.02100, 1.14722, 28.12
6675.938, 11:47:43,0.11035, -0.01733, 1.15210, 28.27
6706.242, 11:48:13,0.10376, -0.01929, 1.15088, 28.22
6736.547, 11:48:43,0.10132, -0.01636, 1.14990, 28.27
6766.851, 11:49:14,0.10132, -0.02002, 1.14966, 28.12
6797.164, 11:49:44,0.10205, -0.02393, 1.14209, 28.12
6827.469, 11:50:14,0.09863, -0.01611, 1.14819, 28.17
6857.774, 11:50:45,0.10840, -0.02148, 1.15747, 28.27
6888.078, 11:51:15,0.10693, -0.01904, 1.15454, 28.12
6918.389, 11:51:45,0.10547, -0.02393, 1.14673, 28.12
6948.694, 11:52:16,0.10034, -0.01660, 1.15039, 28.17
6978.999, 11:52:46,0.10205, -0.02075, 1.14380, 28.27
7009.303, 11:53:16,0.10059, -0.02222, 1.14795, 28.22
7039.616, 11:53:46,0.09985, -0.02222, 1.14868, 28.22
7069.921, 11:54:17,0.10449, -0.02344, 1.13550, 28.17
7100.225, 11:54:47,0.10815, -0.01929, 1.14917, 28.17
7130.530, 11:55:17,0.10083, -0.02026, 1.14038, 28.22
7160.841, 11:55:48,0.10986, -0.02197, 1.15649, 28.36
7191.146, 11:56:18,0.10327, -0.01855, 1.15796, 28.27
7221.450, 11:56:48,0.10474, -0.01514, 1.14941, 28.27
7251.755, 11:57:19,0.09961, -0.02148, 1.14673, 28.31
7282.071, 11:57:49,0.10498, -0.01733, 1.15039, 28.27
7312.375, 11:58:19,0.10303, -0.01929, 1.14453, 28.31
7342.680, 11:58:49,0.10400, -0.01562, 1.14990, 28.17
7372.984, 11:59:20,0.10498, -0.01562, 1.15039, 28.31
7403.296, 11:59:50,0.10742, -0.01587, 1.14722, 28.31
7433.600, 12:0:20,0.10449, -0.02246, 1.14648, 28.17
7463.905, 12:0:51,0.10034, -0.01440, 1.14478, 28.31
7494.209, 12:1:21,0.10376, -0.01709, 1.14697, 28.22
7524.522, 12:1:51,0.10645, -0.01733, 1.15503, 28.22
7554.826, 12:2:22,0.10571, -0.01807, 1.15869, 28.12
7585.131, 12:2:52,0.10693, -0.01929, 1.15234, 28.27
7615.435, 12:3:22,0.09668, -0.02344, 1.15259, 28.22
7645.748, 12:3:52,0.10083, -0.02002, 1.14648, 28.36
7676.053, 12:4:23,0.10645, -0.01489, 1.15259, 28.27
7706.357, 12:4:53,0.10693, -0.02173, 1.14209, 28.22
7736.662, 12:5:23,0.09863, -0.01978, 1.15332, 28.31
7766.973, 12:5:54,0.10181, -0.02173, 1.15503, 28.31
7797.278, 12:6:24,0.10205, -0.02173, 1.15259, 28.22
7827.582, 12:6:54,0.10620, -0.02100, 1.14453, 28.17
7857.887, 12:7:25,0.09473, -0.02295, 1.15527, 28.27
7888.200, 12:7:55,0.10352, -0.01538, 1.15259, 28.27
7918.505, 12:8:25,0.10181, -0.01953, 1.14819, 28.17
7948.809, 12:8:55,0.10791, -0.01880, 1.14575, 28.17
7979.114, 12:9:26,0.10156, -0.01953, 1.14771, 28.22
8009.425, 12:9:56,0.10742, -0.01953, 1.15576, 28.17
8039.730, 12:10:26,0.10156, -0.02002, 1.15430, 28.12
8070.034, 12:10:57,0.09888, -0.01855, 1.15747, 28.12
8100.339, 12:11:27,0.10254, -0.01807, 1.15210, 28.22
8130.651, 12:11:57,0.10718, -0.01538, 1.15503, 28.22
8160.955, 12:12:28,0.10571, -0.01855, 1.14258, 28.27
8191.260, 12:12:58,0.10718, -0.01758, 1.14575, 28.17
8221.565, 12:13:28,0.10742, -0.02441, 1.15601, 28.17
8251.877, 12:13:58,0.10278, -0.01782, 1.14551, 28.27
8282.182, 12:14:29,0.10449, -0.01953, 1.14990, 28.22
8312.486, 12:14:59,0.10669, -0.01611, 1.15576, 28.17
8342.791, 12:15:29,0.10156, -0.01587, 1.15234, 28.22
8373.102, 12:16:0,0.10156, -0.02002, 1.14429, 28.27
8403.407, 12:16:30,0.10352, -0.02075, 1.15112, 28.17
8433.712, 12:17:0,0.10791, -0.02100, 1.14746, 28.27
8464.016, 12:17:32,0.09961, -0.01514, 1.15381, 28.31
8494.329, 12:18:2,0.10425, -0.02710, 1.14307, 28.27
8524.634, 12:18:32,0.10327, -0.01318, 1.15039, 28.17
8554.938, 12:19:2,0.10498, -0.02344, 1.14648, 28.36
8585.243, 12:19:33,0.10254, -0.02246, 1.14624, 28.22
8615.554, 12:20:3,0.10181, -0.01855, 1.14673, 28.22
8645.859, 12:20:33,0.10449, -0.01587, 1.14355, 28.22
8676.163, 12:21:4,0.11084, -0.02002, 1.15112, 28.22
8706.468, 12:21:34,0.10864, -0.01733, 1.14966, 28.27
8736.784, 12:22:4,0.10620, -0.01514, 1.14355, 28.17
8767.088, 12:22:35,0.10059, -0.01929, 1.16187, 28.27
8797.393, 12:23:5,0.10352, -0.02026, 1.14819, 28.31
8827.698, 12:23:35,0.10547, -0.02148, 1.14062, 28.31
8858.009, 12:24:5,0.10400, -0.02148, 1.14526, 28.27
8888.313, 12:24:36,0.09814, -0.02002, 1.14185, 28.27
8918.618, 12:25:6,0.10889, -0.01758, 1.15381, 28.27
8948.923, 12:25:36,0.10083, -0.01978, 1.14648, 28.36
8979.235, 12:26:7,0.10254, -0.01831, 1.15405, 28.22
9009.539, 12:26:37,0.10815, -0.01880, 1.15723, 28.27
9039.844, 12:27:7,0.10913, -0.02393, 1.15430, 28.27
9070.148, 12:27:38,0.10254, -0.02075, 1.15015, 28.12
9100.461, 12:28:8,0.09839, -0.02148, 1.14966, 28.27
9130.766, 12:28:38,0.10327, -0.02319, 1.13574, 28.36
9161.070, 12:29:8,0.10278, -0.02271, 1.14966, 28.31
9191.375, 12:29:39,0.10303, -0.02002, 1.16016, 28.22
9221.686, 12:30:9,0.09644, -0.02368, 1.15137, 28.31
9251.991, 12:30:39,0.10596, -0.02124, 1.15454, 28.17
9282.295, 12:31:10,0.10693, -0.02026, 1.14697, 28.27
9312.600, 12:31:40,0.10693, -0.02173, 1.14697, 28.22
9343.101, 12:32:10,0.09985, -0.01978, 1.14771, 28.27
9373.406, 12:32:41,0.10181, -0.02002, 1.14478, 28.31
9403.710, 12:33:11,0.10791, -0.01831, 1.13940, 28.27
9434.015, 12:33:41,0.09937, -0.01440, 1.15674, 28.27
9464.327, 12:34:11,0.10474, -0.01782, 1.15063, 28.31
9494.631, 12:34:42,0.10156, -0.01807, 1.15601, 28.27
9524.936, 12:35:12,0.10400, -0.02173, 1.16187, 28.22
9555.240, 12:35:42,0.09570, -0.02124, 1.14355, 28.27
9585.556, 12:36:13,0.10303, -0.01074, 1.15503, 28.22
9615.861, 12:36:43,0.10474, -0.02417, 1.14307, 28.12
9646.165, 12:37:13,0.10547, -0.02173, 1.15527, 28.22
9676.470, 12:37:44,0.09863, -0.02783, 1.14917, 28.31
9706.781, 12:38:14,0.10254, -0.02051, 1.14624, 28.27
9737.086, 12:38:44,0.10474, -0.01782, 1.14722, 28.22
9767.390, 12:39:14,0.09888, -0.01978, 1.14990, 28.27
9797.695, 12:39:45,0.09741, -0.01831, 1.15088, 28.31
9828.007, 12:40:15,0.10156, -0.01709, 1.15649, 28.27
9858.312, 12:40:45,0.10205, -0.02344, 1.15039, 28.17
9888.616, 12:41:16,0.09839, -0.01831, 1.14648, 28.22
9918.921, 12:41:46,0.10132, -0.01709, 1.15234, 28.22
9949.234, 12:42:16,0.10254, -0.02197, 1.14746, 28.08
9979.538, 12:42:47,0.10669, -0.02173, 1.15161, 28.12
10009.843, 12:43:17,0.09790, -0.02148, 1.14941, 28.17
10040.147, 12:43:47,0.10254, -0.01953, 1.13965, 28.17
10070.459, 12:44:17,0.11157, -0.02246, 1.15259, 28.12
10100.763, 12:44:48,0.10156, -0.02075, 1.16187, 28.12
10131.068, 12:45:18,0.10352, -0.02344, 1.14941, 28.03
10161.372, 12:45:48,0.10474, -0.01953, 1.15308, 28.12
10191.685, 12:46:19,0.10571, -0.02344, 1.14453, 28.17
10221.990, 12:46:49,0.10205, -0.02222, 1.14844, 28.08
10252.294, 12:47:19,0.10107, -0.02271, 1.15430, 28.08
10282.599, 12:47:50,0.09424, -0.02319, 1.14062, 28.08
10312.910, 12:48:20,0.10034, -0.01611, 1.15576, 28.17
10343.215, 12:48:50,0.10083, -0.01636, 1.15381, 28.08
10373.519, 12:49:20,0.10400, -0.01978, 1.14893, 28.08
10403.824, 12:49:51,0.09790, -0.02148, 1.15430, 28.17
10434.136, 12:50:21,0.10229, -0.01904, 1.15015, 28.17
10464.441, 12:50:51,0.10400, -0.02051, 1.14282, 28.08
10494.745, 12:51:22,0.10303, -0.01733, 1.14917, 28.17
10525.050, 12:51:52,0.10034, -0.01709, 1.14844, 28.03
10555.362, 12:52:22,0.10400, -0.01782, 1.15601, 28.08
10585.667, 12:52:53,0.09985, -0.01978, 1.15527, 28.17
10615.972, 12:53:23,0.10327, -0.02246, 1.14453, 28.03
10646.276, 12:53:53,0.09741, -0.02295, 1.14380, 28.03
10676.587, 12:54:23,0.10376, -0.01807, 1.15186, 28.12
10706.892, 12:54:54,0.09961, -0.01978, 1.14795, 28.17
10737.197, 12:55:24,0.10376, -0.01904, 1.15430, 28.17
10767.501, 12:55:54,0.10303, -0.01782, 1.14868, 28.12
10797.814, 12:56:25,0.10278, -0.01978, 1.15405, 28.03
10828.119, 12:56:55,0.10327, -0.01929, 1.15869, 28.03
10858.423, 12:57:25,0.10181, -0.01880, 1.14502, 27.89
10888.728, 12:57:56,0.10278, -0.02173, 1.14429, 27.98
10919.039, 12:58:26,0.10645, -0.02246, 1.15820, 27.98
10949.344, 12:58:56,0.09985, -0.01636, 1.14868, 28.03
10979.648, 12:59:26,0.10254, -0.01685, 1.14404, 27.94
11009.953, 12:59:57,0.10181, -0.01880, 1.15308, 27.98
11040.266, 13:0:27,0.10205, -0.01538, 1.15454, 27.89
11070.570, 13:0:57,0.10107, -0.02173, 1.14624, 27.98
11100.875, 13:1:28,0.09912, -0.02246, 1.15039, 27.98
11131.179, 13:1:58,0.10962, -0.01953, 1.14673, 27.94
11161.491, 13:2:28,0.10498, -0.01953, 1.14624, 27.98
11191.795, 13:2:59,0.09985, -0.02246, 1.15234, 27.94
11222.100, 13:3:29,0.10352, -0.01318, 1.14722, 27.98
11252.404, 13:3:59,0.10156, -0.01538, 1.14575, 27.84
11282.716, 13:4:29,0.10742, -0.01685, 1.14795, 28.08
11313.021, 13:5:0,0.10376, -0.01807, 1.14673, 28.08
11343.326, 13:5:30,0.09766, -0.01685, 1.14819, 28.03
11373.630, 13:6:0,0.09668, -0.01294, 1.15527, 28.03
11403.943, 13:6:31,0.10571, -0.01978, 1.14795, 27.94
11434.248, 13:7:1,0.09814, -0.01538, 1.15210, 28.03
11464.552, 13:7:31,0.11035, -0.01758, 1.14551, 28.03
11494.857, 13:8:2,0.10498, -0.01855, 1.13721, 27.98
11525.168, 13:8:32,0.10303, -0.01831, 1.14331, 28.03
11555.473, 13:9:2,0.10205, -0.02026, 1.14331, 27.89
11585.777, 13:9:32,0.10278, -0.01758, 1.15210, 27.98
11616.082, 13:10:3,0.10840, -0.01880, 1.15747, 27.98
11646.394, 13:10:33,0.10596, -0.01636, 1.14893, 27.84
11676.699, 13:11:3,0.10425, -0.02222, 1.13940, 27.94
11707.004, 13:11:34,0.10083, -0.01465, 1.15308, 27.84
11737.308, 13:12:4,0.10498, -0.01978, 1.14307, 27.89
11767.619, 13:12:34,0.10352, -0.02222, 1.13916, 27.89
11797.924, 13:13:5,0.10229, -0.01831, 1.14990, 27.94
11828.229, 13:13:35,0.10132, -0.01880, 1.15161, 27.94
11858.533, 13:14:5,0.10034, -0.02051, 1.14160, 27.94
11888.849, 13:14:35,0.10229, -0.02148, 1.14648, 27.98
11919.154, 13:15:6,0.10522, -0.02075, 1.14014, 27.98
11949.458, 13:15:36,0.10913, -0.02661, 1.14990, 27.94
11979.763, 13:16:6,0.10132, -0.01758, 1.14331, 28.03
12010.074, 13:16:37,0.10229, -0.02197, 1.14722, 27.84
12040.379, 13:17:7,0.09863, -0.01489, 1.14893, 27.89
12070.683, 13:17:37,0.10278, -0.02148, 1.14014, 27.89
12100.988, 13:18:9,0.10547, -0.02173, 1.14795, 27.89
12131.300, 13:18:39,0.11035, -0.02222, 1.15259, 27.89
12161.605, 13:19:9,0.09863, -0.01147, 1.14722, 27.98
12191.909, 13:19:39,0.10376, -0.02246, 1.14941, 27.94
12222.214, 13:20:10,0.10059, -0.01733, 1.14526, 27.89
12252.527, 13:20:40,0.10059, -0.01929, 1.14038, 27.98
12282.831, 13:21:10,0.10645, -0.02026, 1.15332, 27.89
12313.136, 13:21:41,0.10522, -0.02393, 1.14209, 27.89
12343.440, 13:22:11,0.10303, -0.02393, 1.14429, 27.84
12373.752, 13:22:41,0.09546, -0.01709, 1.15112, 27.94
12404.056, 13:23:12,0.09448, -0.02075, 1.14990, 27.98
12434.361, 13:23:42,0.10400, -0.02026, 1.15405, 27.94
12464.665, 13:24:12,0.10352, -0.02393, 1.14990, 27.98
12494.978, 13:24:42,0.10254, -0.02808, 1.14600, 27.89
12525.283, 13:25:13,0.10278, -0.02002, 1.13647, 27.84
12555.587, 13:25:43,0.10522, -0.01953, 1.14722, 27.84
12585.892, 13:26:13,0.10352, -0.01831, 1.14844, 27.94
12616.203, 13:26:44,0.10059, -0.01343, 1.14502, 27.89
12646.508, 13:27:14,0.09790, -0.02124, 1.15405, 27.84
12676.812, 13:27:44,0.10303, -0.01904, 1.15479, 27.75
12707.117, 13:28:15,0.10010, -0.02075, 1.14453, 27.84
12737.433, 13:28:45,0.09863, -0.02295, 1.14600, 27.89
12767.737, 13:29:15,0.10327, -0.02246, 1.15845, 27.94
12798.042, 13:29:45,0.10449, -0.01978, 1.14453, 27.89
12828.346, 13:30:16,0.10205, -0.02808, 1.14600, 27.94
12858.658, 13:30:46,0.09937, -0.02563, 1.14941, 27.84
12888.962, 13:31:16,0.10571, -0.01880, 1.15088, 27.89
12919.267, 13:31:47,0.10132, -0.02759, 1.14526, 27.89
12949.572, 13:32:17,0.10400, -0.02026, 1.15063, 27.84
12979.884, 13:32:47,0.10254, -0.01880, 1.14404, 27.89
13010.188, 13:33:18,0.10498, -0.01978, 1.15527, 27.89
13040.493, 13:33:48,0.10400, -0.01440, 1.15527, 27.84
13070.797, 13:34:18,0.10571, -0.01758, 1.15234, 27.80
13101.110, 13:34:48,0.09985, -0.02368, 1.16064, 27.75
13131.415, 13:35:19,0.10278, -0.02344, 1.13916, 27.80
13161.719, 13:35:49,0.10596, -0.01855, 1.14526, 27.80
13192.024, 13:36:19,0.09912, -0.01904, 1.14990, 27.98
13222.335, 13:36:50,0.10791, -0.01416, 1.14600, 27.89
13252.640, 13:37:20,0.10449, -0.02319, 1.14673, 27.84
13282.944, 13:37:50,0.10156, -0.01562, 1.14551, 27.98
13313.249, 13:38:21,0.10815, -0.01855, 1.15454, 27.98
13343.562, 13:38:51,0.10229, -0.01807, 1.14990, 27.94
13373.866, 13:39:21,0.10059, -0.01855, 1.15649, 28.08
13404.171, 13:39:51,0.10596, -0.01733, 1.14917, 27.98
13434.475, 13:40:22,0.10107, -0.01880, 1.14087, 28.08
13464.787, 13:40:52,0.10278, -0.02124, 1.15503, 27.98
13495.091, 13:41:22,0.10571, -0.02051, 1.14868, 28.03
13525.396, 13:41:53,0.10352, -0.01953, 1.14502, 27.98
13555.701, 13:42:23,0.10645, -0.02490, 1.14819, 27.98
13586.016, 13:42:53,0.10352, -0.01733, 1.14185, 27.98
13616.321, 13:43:24,0.09888, -0.01709, 1.13843, 27.98
13646.626, 13:43:54,0.10205, -0.02075, 1.15063, 28.03
13676.930, 13:44:24,0.10034, -0.02563, 1.15259, 27.94
13707.241, 13:44:54,0.10522, -0.01196, 1.14526, 28.08
13737.546, 13:45:25,0.10376, -0.02124, 1.14453, 27.98
13767.851, 13:45:55,0.09985, -0.01880, 1.15552, 27.94
13798.155, 13:46:25,0.10132, -0.02026, 1.14307, 27.94
13828.467, 13:46:56,0.10669, -0.02002, 1.15576, 27.89
13858.772, 13:47:26,0.10547, -0.02100, 1.14307, 27.94
13889.076, 13:47:56,0.10669, -0.01733, 1.15186, 27.89
13919.381, 13:48:27,0.11133, -0.01880, 1.14844, 27.94
13949.886, 13:48:57,0.10864, -0.02295, 1.14038, 27.89
13980.191, 13:49:27,0.10278, -0.02100, 1.14648, 27.89
14010.495, 13:49:57,0.09766, -0.01685, 1.14404, 27.94
14040.800, 13:50:28,0.10864, -0.01733, 1.15063, 27.94
14071.112, 13:50:58,0.09521, -0.01782, 1.14722, 27.98
14101.416, 13:51:28,0.10425, -0.01807, 1.14819, 27.94
14131.721, 13:51:59,0.10791, -0.01465, 1.14160, 27.94
14162.026, 13:52:29,0.10107, -0.01953, 1.15112, 27.89
14192.339, 13:52:59,0.10254, -0.02100, 1.14062, 27.94
14222.643, 13:53:30,0.10498, -0.01904, 1.14868, 27.84
14252.948, 13:54:0,0.09985, -0.01782, 1.14136, 27.94
14283.252, 13:54:30,0.09863, -0.01929, 1.15283, 27.98
14313.564, 13:55:0,0.10425, -0.02295, 1.15552, 27.94
14343.868, 13:55:31,0.10107, -0.02002, 1.14697, 27.94
14374.173, 13:56:1,0.09937, -0.01831, 1.15527, 27.89
14404.477, 13:56:31,0.10107, -0.02173, 1.14722, 27.84
14434.793, 13:57:2,0.10278, -0.01587, 1.15674, 27.89
14465.098, 13:57:32,0.10303, -0.01880, 1.14941, 27.80
14495.402, 13:58:2,0.10254, -0.02075, 1.14380, 27.98
14525.707, 13:58:33,0.10156, -0.01758, 1.14282, 27.94
14556.018, 13:59:3,0.09912, -0.01807, 1.14355, 27.94
14586.323, 13:59:33,0.10864, -0.02368, 1.14526, 27.89
14616.627, 14:0:3,0.10352, -0.02417, 1.15210, 27.98
14646.932, 14:0:34,0.09619, -0.02319, 1.14941, 27.94
14677.244, 14:1:4,0.09839, -0.01636, 1.14478, 27.89
14707.549, 14:1:34,0.10132, -0.02075, 1.13843, 27.94
14737.853, 14:2:5,0.10107, -0.02026, 1.14990, 27.89
14768.158, 14:2:35,0.10303, -0.02075, 1.15601, 27.94
14798.471, 14:3:5,0.10791, -0.02002, 1.14771, 27.94
14828.775, 14:3:36,0.10278, -0.01465, 1.14453, 27.98
14859.080, 14:4:6,0.10547, -0.01733, 1.14966, 27.94
14889.384, 14:4:36,0.10254, -0.01611, 1.14697, 28.03
14919.696, 14:5:6,0.10132, -0.02002, 1.14868, 28.03
14950.000, 14:5:37,0.10034, -0.02173, 1.15332, 27.94
14980.305, 14:6:7,0.09692, -0.02588, 1.16138, 27.98
15010.610, 14:6:37,0.10522, -0.01855, 1.14941, 27.89
15040.922, 14:7:8,0.10059, -0.02466, 1.13965, 27.98
15071.227, 14:7:38,0.10791, -0.02124, 1.14990, 27.94
15101.531, 14:8:8,0.10229, -0.02026, 1.14673, 27.98
15131.836, 14:8:39,0.10596, -0.01489, 1.15088, 27.98
15162.147, 14:9:9,0.10864, -0.01807, 1.15186, 27.89
15192.452, 14:9:39,0.09717, -0.01562, 1.14502, 27.98
15222.757, 14:10:9,0.09961, -0.01758, 1.15161, 27.94
15253.061, 14:10:40,0.10254, -0.02148, 1.15576, 27.94
15283.388, 14:11:10,0.10034, -0.02002, 1.13867, 28.08
15313.692, 14:11:40,0.10059, -0.01904, 1.15625, 27.98
15343.997, 14:12:11,0.10059, -0.02441, 1.15820, 28.03
15374.302, 14:12:41,0.10474, -0.02075, 1.15918, 27.94
15404.613, 14:13:11,0.10254, -0.01611, 1.14697, 27.94
15434.917, 14:13:42,0.10815, -0.02002, 1.14404, 27.98
15465.222, 14:14:12,0.10840, -0.01758, 1.14722, 28.03
15495.527, 14:14:42,0.10376, -0.02319, 1.15991, 27.98
15525.839, 14:15:12,0.10498, -0.01294, 1.14697, 28.03
15556.143, 14:15:43,0.10376, -0.01562, 1.14795, 28.03
15586.448, 14:16:13,0.10596, -0.01855, 1.15161, 28.08
15616.753, 14:16:43,0.10254, -0.01611, 1.14844, 27.94
15647.065, 14:17:14,0.09961, -0.01782, 1.15869, 28.03
15677.370, 14:17:44,0.10303, -0.01929, 1.15576, 27.98
15707.675, 14:18:14,0.10522, -0.02026, 1.14648, 27.98
15737.979, 14:18:46,0.10352, -0.01953, 1.15820, 28.03
15768.290, 14:19:16,0.11035, -0.02002, 1.14941, 28.08
15798.595, 14:19:46,0.09888, -0.02026, 1.14893, 27.94
15828.900, 14:20:16,0.09692, -0.02222, 1.14331, 27.98
15859.204, 14:20:47,0.10498, -0.01294, 1.15210, 27.94
15889.517, 14:21:17,0.10010, -0.02368, 1.15259, 27.94
15919.822, 14:21:47,0.10400, -0.02319, 1.15259, 27.89
15950.126, 14:22:18,0.10205, -0.01929, 1.14380, 27.89
15980.431, 14:22:48,0.10669, -0.02051, 1.15332, 27.89
16010.742, 14:23:18,0.10620, -0.01587, 1.15479, 27.98
16041.047, 14:23:49,0.09619, -0.02222, 1.14746, 27.84
16071.351, 14:24:19,0.10229, -0.01660, 1.14624, 27.89
16101.656, 14:24:49,0.10254, -0.02368, 1.14722, 27.94
16131.972, 14:25:19,0.10571, -0.01953, 1.15186, 27.84
16162.276, 14:25:50,0.10498, -0.02148, 1.14966, 27.94
16192.581, 14:26:20,0.10474, -0.01807, 1.13672, 27.80
16222.886, 14:26:50,0.09961, -0.01636, 1.14478, 27.80
16253.197, 14:27:21,0.10083, -0.01343, 1.15454, 27.80
16283.501, 14:27:51,0.10400, -0.02271, 1.15576, 27.89
16313.806, 14:28:21,0.10376, -0.01782, 1.15503, 27.89
16344.111, 14:28:52,0.10449, -0.01782, 1.15259, 27.98
16374.423, 14:29:22,0.09961, -0.01880, 1.15454, 27.80
16404.727, 14:29:52,0.10327, -0.02637, 1.15991, 27.70
16435.031, 14:30:22,0.09888, -0.01685, 1.14282, 27.75
16465.336, 14:30:53,0.10767, -0.02148, 1.15649, 27.80
16495.648, 14:31:23,0.10596, -0.02808, 1.14990, 27.70
16525.953, 14:31:53,0.10181, -0.02222, 1.14575, 27.75
16556.258, 14:32:24,0.10620, -0.02222, 1.15283, 27.70
16586.562, 14:32:54,0.10229, -0.01953, 1.14233, 27.70
16616.873, 14:33:24,0.10059, -0.02393, 1.14526, 27.75
16647.180, 14:33:55,0.10669, -0.01758, 1.14233, 27.84
16677.482, 14:34:25,0.10010, -0.01880, 1.14648, 27.75
16707.787, 14:34:55,0.10034, -0.01855, 1.14746, 27.75
16738.102, 14:35:25,0.10083, -0.01929, 1.15210, 27.75
16768.406, 14:35:56,0.10034, -0.01562, 1.15601, 27.80
16798.711, 14:36:26,0.10083, -0.01855, 1.14307, 27.75
16829.016, 14:36:56,0.10083, -0.02100, 1.14258, 27.80
16859.326, 14:37:27,0.10352, -0.01685, 1.14111, 27.75
16889.631, 14:37:57,0.10229, -0.02173, 1.15088, 27.70
16919.936, 14:38:27,0.10059, -0.02100, 1.14819, 27.70
16950.240, 14:38:58,0.10840, -0.01904, 1.15161, 27.70
16980.557, 14:39:28,0.10474, -0.01587, 1.14990, 27.75
17010.859, 14:39:58,0.10229, -0.02319, 1.15088, 27.70
17041.164, 14:40:28,0.10571, -0.02124, 1.15015, 27.80
17071.471, 14:40:59,0.10498, -0.01953, 1.14307, 27.75
17101.781, 14:41:29,0.10596, -0.01880, 1.14282, 27.75
17132.086, 14:41:59,0.09570, -0.01440, 1.14917, 27.75
17162.391, 14:42:30,0.10620, -0.01709, 1.15015, 27.75
17192.695, 14:43:0,0.10474, -0.02222, 1.13916, 27.80
17223.008, 14:43:30,0.10596, -0.02344, 1.14697, 27.75
17253.311, 14:44:1,0.10278, -0.01880, 1.15308, 27.70
17283.615, 14:44:31,0.09863, -0.02148, 1.14624, 27.75
17313.920, 14:45:1,0.10278, -0.02173, 1.14307, 27.80
17344.232, 14:45:31,0.10986, -0.02173, 1.13452, 27.70
17374.537, 14:46:2,0.10059, -0.01636, 1.15015, 27.75
17404.842, 14:46:32,0.10010, -0.01782, 1.15161, 27.84
17435.146, 14:47:2,0.11304, -0.02124, 1.15430, 27.80
17465.457, 14:47:33,0.10449, -0.02100, 1.15527, 27.65
17495.764, 14:48:3,0.10913, -0.01782, 1.14526, 27.65
17526.066, 14:48:33,0.10059, -0.01733, 1.14062, 27.56
17556.371, 14:49:4,0.10278, -0.01880, 1.14453, 27.70
17586.686, 14:49:34,0.10449, -0.02051, 1.14233, 27.65
17616.988, 14:50:4,0.09912, -0.02173, 1.13501, 27.61
17647.295, 14:50:34,0.10303, -0.01709, 1.14966, 27.61
17677.600, 14:51:5,0.10254, -0.02295, 1.14600, 27.75
17707.910, 14:51:35,0.10107, -0.02490, 1.14502, 27.70
17738.215, 14:52:5,0.10620, -0.01758, 1.15186, 27.65
17768.520, 14:52:36,0.10083, -0.02051, 1.15503, 27.65
17798.824, 14:53:6,0.09888, -0.01831, 1.15015, 27.75
17829.141, 14:53:36,0.10962, -0.02710, 1.15088, 27.61
17859.443, 14:54:7,0.10840, -0.02197, 1.14990, 27.65
17889.748, 14:54:37,0.10571, -0.01880, 1.15039, 27.70
17920.053, 14:55:7,0.10278, -0.01611, 1.15259, 27.70
17950.365, 14:55:37,0.10059, -0.02026, 1.14795, 27.75
17980.670, 14:56:8,0.10327, -0.02148, 1.15991, 27.75
18010.975, 14:56:38,0.10474, -0.02173, 1.14624, 27.80
18041.277, 14:57:8,0.09863, -0.02197, 1.14526, 27.61
18071.590, 14:57:39,0.09668, -0.01562, 1.15259, 27.70
18101.895, 14:58:9,0.10815, -0.02368, 1.14697, 27.80
18132.199, 14:58:39,0.10767, -0.02124, 1.15161, 27.61
18162.504, 14:59:10,0.10156, -0.01733, 1.15405, 27.75
18192.816, 14:59:40,0.10132, -0.01855, 1.14502, 27.51
18223.121, 15:0:10,0.10767, -0.01758, 1.14404, 27.61
18253.426, 15:0:40,0.09961, -0.01733, 1.14917, 27.65
18283.730, 15:1:11,0.10449, -0.02002, 1.15161, 27.70
18314.043, 15:1:41,0.10254, -0.02124, 1.15186, 27.75
18344.346, 15:2:11,0.10010, -0.01904, 1.14014, 27.80
18374.650, 15:2:42,0.10278, -0.02197, 1.14917, 27.75
18404.955, 15:3:12,0.10352, -0.01416, 1.14673, 27.70
18435.455, 15:3:42,0.10474, -0.02002, 1.15015, 27.75
18465.760, 15:4:13,0.10474, -0.01953, 1.14868, 27.70
18496.064, 15:4:43,0.10107, -0.01514, 1.14624, 27.70
18526.369, 15:5:13,0.10620, -0.02246, 1.15210, 27.65
18556.682, 15:5:43,0.10156, -0.01611, 1.15088, 27.61
18586.986, 15:6:14,0.10498, -0.02588, 1.15332, 27.65
18617.289, 15:6:44,0.09521, -0.01733, 1.14478, 27.75
18647.596, 15:7:14,0.09668, -0.01855, 1.14111, 27.84
18677.910, 15:7:45,0.10376, -0.02173, 1.15186, 27.75
18708.215, 15:8:15,0.10547, -0.02026, 1.15186, 27.70
18738.520, 15:8:45,0.10205, -0.01807, 1.15161, 27.70
18768.824, 15:9:16,0.10156, -0.02051, 1.14600, 27.70
18799.137, 15:9:46,0.10571, -0.02051, 1.15039, 27.80
18829.439, 15:10:16,0.09668, -0.01880, 1.14746, 27.75
18859.744, 15:10:46,0.10596, -0.02832, 1.15479, 27.75
18890.049, 15:11:17,0.10547, -0.01758, 1.14673, 27.70
18920.361, 15:11:47,0.10156, -0.02490, 1.15210, 27.61
18950.666, 15:12:17,0.10327, -0.01929, 1.14771, 27.51
18980.971, 15:12:48,0.10376, -0.02124, 1.14526, 27.61
19011.275, 15:13:18,0.10864, -0.02002, 1.14136, 27.65
19041.588, 15:13:48,0.10352, -0.01953, 1.15112, 27.51
19071.893, 15:14:19,0.11084, -0.02173, 1.15015, 27.65
19102.197, 15:14:49,0.10303, -0.01953, 1.14648, 27.61
19132.502, 15:15:19,0.10376, -0.02441, 1.14844, 27.65
19162.812, 15:15:49,0.10059, -0.01758, 1.14404, 27.61
19193.117, 15:16:20,0.09644, -0.02197, 1.14990, 27.61
19223.422, 15:16:50,0.10352, -0.02222, 1.14478, 27.70
19253.727, 15:17:20,0.09839, -0.02075, 1.15161, 27.70
19284.039, 15:17:51,0.10376, -0.01685, 1.14233, 27.65
19314.344, 15:18:21,0.10498, -0.01562, 1.14087, 27.70
19344.648, 15:18:51,0.10718, -0.02368, 1.15283, 27.70
19374.953, 15:19:23,0.10645, -0.01733, 1.15161, 27.61
19405.266, 15:19:53,0.10254, -0.02246, 1.15039, 27.70
19435.568, 15:20:23,0.10864, -0.01733, 1.13989, 27.65
19465.873, 15:20:53,0.09937, -0.02832, 1.14038, 27.70
19496.178, 15:21:24,0.10791, -0.01782, 1.14478, 27.61
19526.494, 15:21:54,0.10449, -0.02075, 1.14087, 27.61
19556.799, 15:22:24,0.10596, -0.01733, 1.14697, 27.51
19587.104, 15:22:55,0.10620, -0.01709, 1.14502, 27.61
19617.408, 15:23:25,0.10327, -0.01880, 1.14478, 27.47
19647.719, 15:23:55,0.10400, -0.02686, 1.14502, 27.42
19678.023, 15:24:26,0.09839, -0.02148, 1.14990, 27.61
19708.328, 15:24:56,0.10107, -0.02075, 1.14600, 27.47
19738.633, 15:25:26,0.09888, -0.02173, 1.15088, 27.47
19768.945, 15:25:56,0.09546, -0.01489, 1.15088, 27.51
19799.250, 15:26:27,0.10864, -0.01562, 1.14551, 27.47
19829.555, 15:26:57,0.10449, -0.03003, 1.14697, 27.51
19859.859, 15:27:27,0.10400, -0.02124, 1.14355, 27.51
19890.172, 15:27:58,0.09229, -0.02026, 1.14624, 27.56
19920.477, 15:28:28,0.10010, -0.02490, 1.15576, 27.56
19950.781, 15:28:58,0.10840, -0.02197, 1.14185, 27.61
19981.086, 15:29:29,0.10107, -0.02124, 1.15039, 27.56
20011.396, 15:29:59,0.09961, -0.02173, 1.14722, 27.56
20041.701, 15:30:29,0.10278, -0.01880, 1.14307, 27.47
20072.006, 15:30:59,0.10132, -0.01758, 1.15527, 27.56
20102.311, 15:31:30,0.10059, -0.02100, 1.15186, 27.56
20132.623, 15:32:0,0.10449, -0.02393, 1.14819, 27.51
20162.928, 15:32:30,0.10571, -0.01562, 1.14795, 27.56
20193.232, 15:33:1,0.10254, -0.02197, 1.14697, 27.56
20223.537, 15:33:31,0.09570, -0.02002, 1.14771, 27.56
20253.848, 15:34:1,0.10400, -0.02002, 1.15332, 27.51
20284.152, 15:34:32,0.09668, -0.01953, 1.15649, 27.61
20314.457, 15:35:2,0.10645, -0.02148, 1.15088, 27.51
20344.762, 15:35:32,0.11108, -0.01758, 1.13916, 27.42
20375.078, 15:36:2,0.10010, -0.01904, 1.13794, 27.61
20405.383, 15:36:33,0.10376, -0.02246, 1.15039, 27.56
20435.688, 15:37:3,0.09888, -0.01880, 1.15405, 27.61
20465.990, 15:37:33,0.09570, -0.02246, 1.15698, 27.47
20496.303, 15:38:4,0.09863, -0.02368, 1.14502, 27.56
20526.607, 15:38:34,0.10547, -0.02100, 1.14966, 27.61
20556.912, 15:39:4,0.09985, -0.02075, 1.15698, 27.51
20587.217, 15:39:35,0.10083, -0.01929, 1.14990, 27.51
20617.527, 15:40:5,0.10645, -0.02124, 1.14380, 27.51
20647.832, 15:40:35,0.09741, -0.01636, 1.14233, 27.56
20678.139, 15:41:5,0.10571, -0.02002, 1.13965, 27.47
20708.441, 15:41:36,0.09937, -0.01611, 1.15845, 27.42
20738.756, 15:42:6,0.10425, -0.02075, 1.14697, 27.47
20769.059, 15:42:36,0.10571, -0.02344, 1.14014, 27.42
20799.363, 15:43:7,0.10229, -0.02148, 1.15527, 27.56
20829.670, 15:43:37,0.10205, -0.01538, 1.14185, 27.61
20859.980, 15:44:7,0.10034, -0.02515, 1.15332, 27.51
20890.283, 15:44:38,0.10962, -0.02124, 1.14233, 27.51
20920.590, 15:45:8,0.10498, -0.02148, 1.15601, 27.56
20950.895, 15:45:38,0.10596, -0.02075, 1.14893, 27.47
20981.205, 15:46:8,0.10498, -0.01831, 1.14673, 27.56
21011.512, 15:46:39,0.10596, -0.02197, 1.14233, 27.51
21041.816, 15:47:9,0.09961, -0.02319, 1.14844, 27.42
21072.119, 15:47:39,0.10913, -0.01904, 1.14258, 27.47
21102.432, 15:48:10,0.10327, -0.02344, 1.14526, 27.51
21132.736, 15:48:40,0.09912, -0.02075, 1.14844, 27.47
21163.041, 15:49:10,0.10742, -0.01489, 1.14722, 27.56
21193.346, 15:49:41,0.10352, -0.02417, 1.15015, 27.51
21223.656, 15:50:11,0.09668, -0.02197, 1.14404, 27.61
21253.963, 15:50:41,0.10889, -0.01855, 1.15332, 27.61
21284.268, 15:51:11,0.09937, -0.02026, 1.14380, 27.51
21314.570, 15:51:42,0.10352, -0.01904, 1.14771, 27.47
21344.885, 15:52:12,0.09595, -0.02441, 1.14331, 27.47
21375.189, 15:52:42,0.09888, -0.01904, 1.16064, 27.47
21405.492, 15:53:13,0.10352, -0.01758, 1.14526, 27.42
21435.799, 15:53:43,0.10645, -0.02026, 1.14502, 27.47
21466.109, 15:54:13,0.09741, -0.01978, 1.14575, 27.37
21496.414, 15:54:44,0.10620, -0.01758, 1.15454, 27.37
21526.719, 15:55:14,0.10596, -0.02148, 1.13965, 27.47
21557.023, 15:55:44,0.10327, -0.02466, 1.15820, 27.47
21587.336, 15:56:14,0.11279, -0.01855, 1.15186, 27.47
21617.641, 15:56:45,0.10474, -0.01709, 1.15186, 27.42
21647.945, 15:57:15,0.10205, -0.01343, 1.14111, 27.42
21678.248, 15:57:45,0.10303, -0.02759, 1.14600, 27.51
21708.561, 15:58:16,0.10083, -0.02441, 1.15430, 27.37
21738.865, 15:58:46,0.09888, -0.01709, 1.15259, 27.42
21769.170, 15:59:16,0.09937, -0.02124, 1.15137, 27.56
21799.475, 15:59:47,0.10791, -0.01904, 1.14160, 27.42
21829.787, 16:0:17,0.10425, -0.01733, 1.14453, 27.51
21860.092, 16:0:47,0.10449, -0.01880, 1.13965, 27.47
21890.396, 16:1:17,0.09521, -0.02051, 1.14893, 27.42
21920.701, 16:1:48,0.09863, -0.01587, 1.14722, 27.47
21951.012, 16:2:18,0.09790, -0.02075, 1.14331, 27.56
21981.316, 16:2:48,0.10498, -0.01318, 1.15088, 27.42
22011.621, 16:3:19,0.09814, -0.02393, 1.14624, 27.42
22041.926, 16:3:49,0.10083, -0.02026, 1.14282, 27.42
22072.238, 16:4:19,0.10254, -0.01709, 1.15771, 27.42
22102.543, 16:4:50,0.10596, -0.01807, 1.14990, 27.32
22132.848, 16:5:20,0.09717, -0.02148, 1.15112, 27.42
22163.152, 16:5:50,0.09741, -0.01636, 1.14771, 27.61
22193.465, 16:6:20,0.10596, -0.02148, 1.14941, 27.37
22223.770, 16:6:51,0.10693, -0.02075, 1.14038, 27.47
22254.074, 16:7:21,0.10571, -0.01831, 1.14331, 27.51
22284.379, 16:7:51,0.10229, -0.01685, 1.14868, 27.42
22314.689, 16:8:22,0.10327, -0.02563, 1.14673, 27.42
22344.994, 16:8:52,0.10645, -0.02661, 1.15015, 27.32
22375.299, 16:9:22,0.10498, -0.01880, 1.14771, 27.37
22405.604, 16:9:53,0.10620, -0.01807, 1.14551, 27.37
22435.916, 16:10:23,0.09863, -0.01880, 1.14844, 27.47
22466.221, 16:10:53,0.10815, -0.01660, 1.15039, 27.32
22496.525, 16:11:23,0.10254, -0.01587, 1.14771, 27.37
22526.830, 16:11:54,0.10645, -0.01880, 1.14697, 27.37
22557.141, 16:12:24,0.10278, -0.01978, 1.14868, 27.47
22587.445, 16:12:54,0.09888, -0.01929, 1.15259, 27.56
22617.750, 16:13:25,0.10669, -0.02051, 1.14893, 27.51
22648.055, 16:13:55,0.10840, -0.01685, 1.14575, 27.47
22678.371, 16:14:25,0.10205, -0.01904, 1.14209, 27.32
22708.676, 16:14:56,0.10132, -0.01782, 1.14673, 27.42
22738.980, 16:15:26,0.10229, -0.01538, 1.14331, 27.51
22769.283, 16:15:56,0.09619, -0.01733, 1.14966, 27.32
22799.596, 16:16:26,0.10425, -0.01514, 1.14893, 27.32
22829.900, 16:16:57,0.10156, -0.02002, 1.14722, 27.32
22860.205, 16:17:27,0.10498, -0.01904, 1.15039, 27.42
22890.510, 16:17:57,0.10352, -0.01636, 1.14722, 27.32
22920.822, 16:18:28,0.10352, -0.01758, 1.15039, 27.51
22951.127, 16:18:58,0.10229, -0.01489, 1.15161, 27.37
22981.432, 16:19:28,0.09937, -0.01709, 1.15186, 27.23
23011.734, 16:20:0,0.10864, -0.02100, 1.16113, 27.32
23042.232, 16:20:30,0.10352, -0.02368, 1.14429, 27.32
23072.537, 16:21:0,0.10254, -0.01514, 1.14551, 27.37
23102.842, 16:21:30,0.10913, -0.02002, 1.15381, 27.47
23133.146, 16:22:1,0.10327, -0.01611, 1.14990, 27.37
23163.457, 16:22:31,0.10400, -0.02222, 1.15308, 27.42
23193.762, 16:23:1,0.10474, -0.01880, 1.14893, 27.56
23224.066, 16:23:32,0.10376, -0.01831, 1.15186, 27.51
23254.371, 16:24:2,0.09912, -0.02197, 1.14478, 27.51
23284.684, 16:24:32,0.10449, -0.01831, 1.14331, 27.51
23314.988, 16:25:3,0.10693, -0.01611, 1.14795, 27.51
23345.295, 16:25:33,0.09912, -0.01978, 1.14771, 27.56
23375.598, 16:26:3,0.10498, -0.02197, 1.14551, 27.37
23405.908, 16:26:33,0.09619, -0.01733, 1.15625, 27.42
23436.215, 16:27:4,0.10400, -0.01538, 1.15259, 27.47
23466.520, 16:27:34,0.09912, -0.01978, 1.14526, 27.51
23496.822, 16:28:4,0.10107, -0.02002, 1.14868, 27.32
23527.139, 16:28:35,0.10498, -0.01587, 1.15039, 27.37
23557.443, 16:29:5,0.10474, -0.02051, 1.14819, 27.42
23587.748, 16:29:35,0.10352, -0.01782, 1.14429, 27.47
23618.053, 16:30:6,0.10742, -0.02344, 1.14917, 27.51
23648.363, 16:30:36,0.09692, -0.02344, 1.14648, 27.42
23678.670, 16:31:6,0.09692, -0.02173, 1.14819, 27.42
23708.973, 16:31:36,0.09888, -0.01978, 1.15649, 27.28
23739.277, 16:32:7,0.10254, -0.02466, 1.15356, 27.37
23769.590, 16:32:37,0.10547, -0.02148, 1.14551, 27.23
23799.895, 16:33:7,0.10425, -0.01953, 1.14722, 27.23
23830.199, 16:33:38,0.10132, -0.02344, 1.15479, 27.42
23860.504, 16:34:8,0.10010, -0.02368, 1.14917, 27.23
23890.816, 16:34:38,0.10449, -0.02222, 1.12939, 27.32
23921.121, 16:35:9,0.10278, -0.02026, 1.15015, 27.23
23951.426, 16:35:39,0.09644, -0.02148, 1.14868, 27.28
23981.730, 16:36:9,0.10059, -0.01782, 1.13818, 27.42
24012.043, 16:36:39,0.10327, -0.02075, 1.14282, 27.32
24042.346, 16:37:10,0.10620, -0.01758, 1.14941, 27.32
24072.650, 16:37:40,0.10718, -0.01978, 1.14185, 27.47
24102.955, 16:38:10,0.10303, -0.02148, 1.15283, 27.47
24133.268, 16:38:41,0.09912, -0.02515, 1.14551, 27.42
24163.572, 16:39:11,0.10352, -0.01147, 1.14771, 27.37
24193.877, 16:39:41,0.09839, -0.02124, 1.14771, 27.42
24224.182, 16:40:12,0.09937, -0.02051, 1.13672, 27.32
24254.492, 16:40:42,0.11279, -0.02222, 1.15479, 27.32
24284.799, 16:41:12,0.10449, -0.02173, 1.13794, 27.23
24315.102, 16:41:42,0.10693, -0.01978, 1.14966, 27.28
24345.406, 16:42:13,0.10962, -0.02295, 1.14429, 27.42
24375.723, 16:42:43,0.10327, -0.01904, 1.14282, 27.28
24406.027, 16:43:13,0.10498, -0.02466, 1.15356, 27.37
24436.332, 16:43:44,0.10791, -0.01880, 1.14648, 27.32
24466.637, 16:44:14,0.10205, -0.01978, 1.15381, 27.42
24496.947, 16:44:44,0.10400, -0.01953, 1.15308, 27.32
24527.252, 16:45:15,0.10645, -0.01758, 1.14160, 27.37
24557.557, 16:45:45,0.10010, -0.02051, 1.14819, 27.32
24587.861, 16:46:15,0.10498, -0.01978, 1.14844, 27.42
24618.174, 16:46:45,0.10474, -0.01831, 1.15356, 27.42
24648.479, 16:47:16,0.09961, -0.01929, 1.15454, 27.37
24678.783, 16:47:46,0.10229, -0.02148, 1.14722, 27.37
24709.088, 16:48:16,0.10254, -0.01831, 1.15747, 27.28
24739.400, 16:48:47,0.09912, -0.01807, 1.15601, 27.37
24769.705, 16:49:17,0.09985, -0.02173, 1.15430, 27.37
24800.010, 16:49:47,0.10425, -0.01440, 1.15186, 27.37
24830.314, 16:50:18,0.10327, -0.02344, 1.16089, 27.37
24860.625, 16:50:48,0.10254, -0.02539, 1.14331, 27.32
24890.930, 16:51:18,0.10156, -0.01758, 1.15576, 27.23
24921.234, 16:51:48,0.09961, -0.02173, 1.15356, 27.28
24951.539, 16:52:19,0.10010, -0.01636, 1.16089, 27.28
24981.852, 16:52:49,0.10400, -0.01855, 1.14868, 27.28
25012.156, 16:53:19,0.10596, -0.02002, 1.16016, 27.32
25042.461, 16:53:50,0.10376, -0.02710, 1.14624, 27.32
25072.766, 16:54:20,0.10742, -0.02295, 1.15869, 27.32
25103.076, 16:54:50,0.10205, -0.02026, 1.14771, 27.32
25133.383, 16:55:21,0.10083, -0.02222, 1.14404, 27.32
25163.686, 16:55:51,0.09985, -0.02026, 1.14819, 27.32
25193.990, 16:56:21,0.10522, -0.01880, 1.15332, 27.32
25224.307, 16:56:51,0.10303, -0.02002, 1.13818, 27.32
25254.611, 16:57:22,0.10132, -0.02393, 1.15405, 27.32
25284.916, 16:57:52,0.10400, -0.01904, 1.15601, 27.42
25315.221, 16:58:22,0.10254, -0.01978, 1.14990, 27.32
25345.531, 16:58:53,0.10132, -0.02344, 1.14868, 27.51
25375.836, 16:59:23,0.10376, -0.01709, 1.14282, 27.37
25406.141, 16:59:53,0.10205, -0.01562, 1.15430, 27.42
25436.445, 17:0:24,0.10303, -0.02246, 1.14868, 27.23
25466.758, 17:0:54,0.10278, -0.02490, 1.14673, 27.28
25497.062, 17:1:24,0.10693, -0.02075, 1.15796, 27.23
25527.365, 17:1:54,0.10376, -0.01587, 1.15430, 27.23
25557.672, 17:2:25,0.09985, -0.01953, 1.14575, 27.32
25587.984, 17:2:55,0.10352, -0.01953, 1.14771, 27.23
25618.289, 17:3:25,0.10327, -0.02222, 1.15283, 27.37
25648.594, 17:3:56,0.10107, -0.01562, 1.14429, 27.28
25678.898, 17:4:26,0.10083, -0.01880, 1.14990, 27.32
25709.209, 17:4:56,0.09570, -0.01880, 1.15088, 27.28
25739.514, 17:5:27,0.10449, -0.02173, 1.15576, 27.23
25769.818, 17:5:57,0.10376, -0.02295, 1.16260, 27.37
25800.123, 17:6:27,0.10034, -0.02002, 1.14722, 27.37
25830.436, 17:6:57,0.10522, -0.01685, 1.14648, 27.32
25860.740, 17:7:28,0.10327, -0.01440, 1.15527, 27.28
25891.045, 17:7:58,0.10229, -0.01782, 1.14136, 27.14
25921.350, 17:8:28,0.09863, -0.01660, 1.15356, 27.32
25951.660, 17:8:59,0.10522, -0.01929, 1.14526, 27.28
25981.965, 17:9:29,0.10181, -0.02393, 1.14600, 27.32
26012.270, 17:9:59,0.09570, -0.02222, 1.14453, 27.23
26042.574, 17:10:30,0.09424, -0.02197, 1.15015, 27.28
26072.891, 17:11:0,0.09814, -0.01733, 1.14990, 27.32
26103.195, 17:11:30,0.10083, -0.02246, 1.14966, 27.47
26133.500, 17:12:0,0.10693, -0.01587, 1.14819, 27.28
26163.805, 17:12:31,0.09937, -0.02051, 1.13989, 27.23
26194.115, 17:13:1,0.10156, -0.01758, 1.14282, 27.28
26224.420, 17:13:31,0.10376, -0.02271, 1.15503, 27.23
26254.725, 17:14:2,0.10938, -0.02173, 1.14062, 27.14
26285.029, 17:14:32,0.10376, -0.01929, 1.14917, 27.23
26315.342, 17:15:2,0.10132, -0.02368, 1.14404, 27.23
26345.646, 17:15:33,0.10059, -0.01782, 1.14160, 27.23
26375.949, 17:16:3,0.10181, -0.01611, 1.14307, 27.28
26406.256, 17:16:33,0.09814, -0.01880, 1.14502, 27.37
26436.568, 17:17:3,0.10010, -0.01611, 1.14404, 27.28
26466.871, 17:17:34,0.10571, -0.01709, 1.14233, 27.28
26497.178, 17:18:4,0.10083, -0.01904, 1.14209, 27.28
26527.482, 17:18:34,0.10107, -0.01733, 1.15088, 27.14
26557.793, 17:19:5,0.10864, -0.02148, 1.14771, 27.18
26588.098, 17:19:35,0.10400, -0.01782, 1.14014, 27.23
26618.402, 17:20:5,0.10620, -0.02563, 1.15381, 27.28
26648.707, 17:20:36,0.10059, -0.02100, 1.15820, 27.23
26679.055, 17:21:6,0.10181, -0.02124, 1.15503, 27.37
26709.359, 17:21:36,0.09692, -0.02417, 1.15283, 27.23
26739.664, 17:22:6,0.10620, -0.02100, 1.14966, 27.23
26769.969, 17:22:37,0.10156, -0.02295, 1.14868, 27.23
26800.279, 17:23:7,0.10132, -0.02100, 1.14087, 27.28
26830.586, 17:23:37,0.10596, -0.01758, 1.14893, 27.23
26860.889, 17:24:8,0.09814, -0.02124, 1.14966, 27.23
